Jill,Doe
Joe,Doe
Justin,Doe
Jill,Doe
Joe,Doe
Justin,Doe
Jill,Doe
Joe,Doe
Justin,Doe
Jill,Doe
Joe,Doe
Justin,Doe
Jill,Doe
Joe,Doe
Justin,Doe
Jill,Doe
Joe,Doe
Justin,Doe
Jill,Doe
Joe,Doe
Justin,Doe
Jill,Doe
Joe,Doe
Justin,Doe
Jill,Doe
Joe,Doe
Justin,Doe
Jill,Doe
Joe,Doe
Justin,Doe
Jill,Doe
Joe,Doe
Justin,Doe
Jill,Doe
Joe,Doe
Justin,Doe
Jill,Doe
Joe,Doe
Justin,Doe
Jill,Doe
Joe,Doe
Justin,Doe
Jill,Doe
Joe,Doe
Justin,Doe
Jill,Doe
Joe,Doe
Justin,Doe
Jill,Doe
Joe,Doe
Justin,Doe
Jill,Doe
Joe,Doe
Justin,Doe
Jill,Doe
Joe,Doe
Justin,Doe
Jill,Doe
Joe,Doe
Justin,Doe
Jill,Doe
Joe,Doe
Justin,Doe
Jill,Doe
Joe,Doe
Justin,Doe
Jill,Doe
Joe,Doe
Justin,Doe
Jill,Doe
Joe,Doe
Justin,Doe
Jill,Doe
Joe,Doe
Justin,Doe
Jill,Doe
Joe,Doe
Justin,Doe
Jill,Doe
Joe,Doe
Justin,Doe
Jill,Doe
Joe,Doe
Justin,Doe
Jill,Doe
Joe,Doe
Justin,Doe
Jill,Doe
Joe,Doe
Justin,Doe
Jill,Doe
Joe,Doe
Justin,Doe
Jill,Doe
Joe,Doe
Justin,Doe
Jill,Doe
Joe,Doe
Justin,Doe
Jill,Doe
Joe,Doe
Justin,Doe
Jill,Doe
Joe,Doe
Justin,Doe
Jill,Doe
Joe,Doe
Justin,Doe
Jill,Doe
Joe,Doe
Justin,Doe
Jill,Doe
Joe,Doe
Justin,Doe
Jill,Doe
Joe,Doe
Justin,Doe
Jill,Doe
Joe,Doe
Justin,Doe
Jill,Doe
Joe,Doe
Justin,Doe
Jill,Doe
Joe,Doe
Justin,Doe
Jill,Doe
Joe,Doe
Justin,Doe
Jill,Doe
Joe,Doe
Justin,Doe
Jill,Doe
Joe,Doe
Justin,Doe
Jill,Doe
Joe,Doe
Justin,Doe
Jill,Doe
Joe,Doe
Justin,Doe
Jill,Doe
Joe,Doe
Justin,Doe
Jill,Doe
Joe,Doe
Justin,Doe
Jill,Doe
Joe,Doe
Justin,Doe
Jill,Doe
Joe,Doe
Justin,Doe
Jill,Doe
Joe,Doe
Justin,Doe
Jill,Doe
Joe,Doe
Justin,Doe
Jill,Doe
Joe,Doe
Justin,Doe
Jill,Doe
Joe,Doe
Justin,Doe
Jill,Doe
Joe,Doe
Justin,Doe
Jill,Doe
Joe,Doe
Justin,Doe
Jill,Doe
Joe,Doe
Justin,Doe
Jill,Doe
Joe,Doe
Justin,Doe
Jill,Doe
Joe,Doe
Justin,Doe
Jill,Doe
Joe,Doe
Justin,Doe
Jill,Doe
Joe,Doe
Justin,Doe
Jill,Doe
Joe,Doe
Justin,Doe
Jill,Doe
Joe,Doe
Justin,Doe
Jill,Doe
Joe,Doe
Justin,Doe
Jill,Doe
Joe,Doe
Justin,Doe
Jill,Doe
Joe,Doe
Justin,Doe
Jill,Doe
Joe,Doe
Justin,Doe
Jill,Doe
Joe,Doe
Justin,Doe
Jill,Doe
Joe,Doe
Justin,Doe
Jill,Doe
Joe,Doe
Justin,Doe
Jill,Doe
Joe,Doe
Justin,Doe
Jill,Doe
Joe,Doe
Justin,Doe
Jill,Doe
Joe,Doe
Justin,Doe
Jill,Doe
Joe,Doe
Justin,Doe
Jill,Doe
Joe,Doe
Justin,Doe
Jill,Doe
Joe,Doe
Justin,Doe
Jill,Doe
Joe,Doe
Justin,Doe
Jill,Doe
Joe,Doe
Justin,Doe
Jill,Doe
Joe,Doe
Justin,Doe
Jill,Doe
Joe,Doe
Justin,Doe
Jill,Doe
Joe,Doe
Justin,Doe
Jill,Doe
Joe,Doe
Justin,Doe
Jill,Doe
Joe,Doe
Justin,Doe
Jill,Doe
Joe,Doe
Justin,Doe
Jill,Doe
Joe,Doe
Justin,Doe
Jill,Doe
Joe,Doe
Justin,Doe
Jill,Doe
Joe,Doe
Justin,Doe
Jill,Doe
Joe,Doe
Justin,Doe
Jill,Doe
Joe,Doe
Justin,Doe
Jill,Doe
Joe,Doe
Justin,Doe
Jill,Doe
Joe,Doe
Justin,Doe
Jill,Doe
Joe,Doe
Justin,Doe
Jill,Doe
Joe,Doe
Justin,Doe
Jill,Doe
Joe,Doe
Justin,Doe
Jill,Doe
Joe,Doe
Justin,Doe
Jill,Doe
Joe,Doe
Justin,Doe
Jill,Doe
Joe,Doe
Justin,Doe
Jill,Doe
Joe,Doe
Justin,Doe
Jill,Doe
Joe,Doe
Justin,Doe
Jill,Doe
Joe,Doe
Justin,Doe
Jill,Doe
Joe,Doe
Justin,Doe
Jill,Doe
Joe,Doe
Justin,Doe
Jill,Doe
Joe,Doe
Justin,Doe
Jill,Doe
Joe,Doe
Justin,Doe
Jill,Doe
Joe,Doe
Justin,Doe
Jill,Doe
Joe,Doe
Justin,Doe
Jill,Doe
Joe,Doe
Justin,Doe
Jill,Doe
Joe,Doe
Justin,Doe
Jill,Doe
Joe,Doe
Justin,Doe
Jill,Doe
Joe,Doe
Justin,Doe
Jill,Doe
Joe,Doe
Justin,Doe
Jill,Doe
Joe,Doe
Justin,Doe
Jill,Doe
Joe,Doe
Justin,Doe
Jill,Doe
Joe,Doe
Justin,Doe
Jill,Doe
Joe,Doe
Justin,Doe
Jill,Doe
Joe,Doe
Justin,Doe
Jill,Doe
Joe,Doe
Justin,Doe
Jill,Doe
Joe,Doe
Justin,Doe
Jill,Doe,FAILED
Joe,Doe
Justin,Doe
Jill,Doe
Joe,Doe
Justin,Doe
Jill,Doe
Joe,Doe
Justin,Doe
Jill,Doe
Joe,Doe
Justin,Doe
Jill,Doe
Joe,Doe
Justin,Doe
Jill,Doe
Joe,Doe
Justin,Doe
Jill,Doe
Joe,Doe
Justin,Doe